	bar_names	Total	LogProb	PValue	Limited	FDR	is_cell	is_cellandlimited
1	AAAGAACCAATGGCAG	2121	-5861.46523199732	9.99900009999e-05	TRUE	0.00010930806560921	TRUE	TRUE
2	AAAGGATAGTAGACAT	6585	-10846.228076936	9.99900009999e-05	TRUE	0	TRUE	TRUE
3	AAAGGATCACCGGCTA	4147	-8372.81728640756	9.99900009999e-05	TRUE	0.00010930806560921	TRUE	TRUE
4	AAAGGATTCCGTTTCG	11993	-20784.3028608222	9.99900009999e-05	TRUE	0	TRUE	TRUE
5	AAAGTCCAGTCAACAA	818	-2009.79888436806	9.99900009999e-05	TRUE	0.00010930806560921	TRUE	TRUE
6	AAAGTCCCACCAGCCA	11658	-18352.552903771	9.99900009999e-05	TRUE	0	TRUE	TRUE
7	AAAGTGACAACCGTAT	402	-235.62700484322	1	FALSE	1	FALSE	FALSE
8	AAATGGAAGCCGCTTG	10181	-18674.8798550103	9.99900009999e-05	TRUE	0	TRUE	TRUE
9	AACGAAACAGCGTTTA	3709	-8144.74799388162	9.99900009999e-05	TRUE	0.00010930806560921	TRUE	TRUE
10	AACGTCAAGACGCCCT	7708	-15199.4038801217	9.99900009999e-05	TRUE	0	TRUE	TRUE
11	AAGAACAAGACCATTC	4041	-7608.4816043066	9.99900009999e-05	TRUE	0.00010930806560921	TRUE	TRUE
12	AAGCGTTTCGCTATTT	6086	-10715.2302826563	9.99900009999e-05	TRUE	0	TRUE	TRUE
13	AAGTACCAGCTCCATA	5062	-9262.15978162606	9.99900009999e-05	TRUE	0	TRUE	TRUE
14	AAGTGAATCGGAAGGT	10083	-18798.8006915442	9.99900009999e-05	TRUE	0	TRUE	TRUE
15	AAGTTCGAGGATACAT	5723	-9245.22844846423	9.99900009999e-05	TRUE	0	TRUE	TRUE
16	AATCGACAGTATGTAG	1542	-3071.07632826354	9.99900009999e-05	TRUE	0.00010930806560921	TRUE	TRUE
17	AATGAAGCAGTATGAA	3347	-5936.90478142907	9.99900009999e-05	TRUE	0.00010930806560921	TRUE	TRUE
18	AATGACCGTGTCATCA	12282	-23416.9987373599	9.99900009999e-05	TRUE	0	TRUE	TRUE
19	AATGGCTAGGACGGAG	1200	-2903.90337927761	9.99900009999e-05	TRUE	0.00010930806560921	TRUE	TRUE
20	ACAAAGAAGCCTCAAT	7909	-16026.4402196533	9.99900009999e-05	TRUE	0	TRUE	TRUE
21	ACAAAGAGTTCCATTT	4504	-9417.94991741051	9.99900009999e-05	TRUE	0.00010930806560921	TRUE	TRUE
22	ACACGCGTCACCTCGT	3317	-9447.58837019834	9.99900009999e-05	TRUE	0.00010930806560921	TRUE	TRUE
23	ACAGCCGTCGCTGTTC	3660	-7373.13236327779	9.99900009999e-05	TRUE	0.00010930806560921	TRUE	TRUE
24	ACATCGATCTGAGAGG	3466	-8567.95552477868	9.99900009999e-05	TRUE	0.00010930806560921	TRUE	TRUE
25	ACCACAAAGGTTAGTA	555	-634.923715323211	0.990800919908009	FALSE	1	FALSE	FALSE
26	ACCCAAAAGCCACAAG	554	-227.55753679922	1	FALSE	1	FALSE	FALSE
27	ACGATCAGTCGTTCAA	5702	-10451.2500450284	9.99900009999e-05	TRUE	0	TRUE	TRUE
28	ACGGTCGTCACTACGA	6074	-9772.28932765792	9.99900009999e-05	TRUE	0	TRUE	TRUE
29	ACGTACACAGACGATG	3833	-9757.30535731845	9.99900009999e-05	TRUE	0.00010930806560921	TRUE	TRUE
30	ACTGATGCACCAGCCA	4841	-9464.44941290359	9.99900009999e-05	TRUE	0.00010930806560921	TRUE	TRUE
31	ACTGTCCTCTGCCCTA	269	-203.167953090724	1	FALSE	1	FALSE	FALSE
32	ACTGTGACAACTCGAT	7444	-11626.7454190429	9.99900009999e-05	TRUE	0	TRUE	TRUE
33	ACTTCGCGTACTCCGG	3935	-7574.16431471007	9.99900009999e-05	TRUE	0.00010930806560921	TRUE	TRUE
34	AGAAATGTCATTCGTT	3098	-5129.17295794894	9.99900009999e-05	TRUE	0.00010930806560921	TRUE	TRUE
35	AGAAGCGGTCTAGATC	6637	-11031.5778496684	9.99900009999e-05	TRUE	0	TRUE	TRUE
36	AGAAGCGTCTGCGTCT	7681	-12080.747739547	9.99900009999e-05	TRUE	0	TRUE	TRUE
37	AGAGAATAGAGGGTCT	4904	-10286.3090581617	9.99900009999e-05	TRUE	0	TRUE	TRUE
38	AGAGAATCACCCAACG	6717	-10617.2256309073	9.99900009999e-05	TRUE	0	TRUE	TRUE
39	AGAGCAGGTTGAGTCT	4546	-7976.84849474589	9.99900009999e-05	TRUE	0.00010930806560921	TRUE	TRUE
40	AGATCGTCAGGACTTT	4619	-8686.59842754865	9.99900009999e-05	TRUE	0.00010930806560921	TRUE	TRUE
41	AGCATCAGTCGGTGTC	9576	-18121.0485392271	9.99900009999e-05	TRUE	0	TRUE	TRUE
42	AGCATCAGTGGTCCGT	5392	-8514.8939098656	9.99900009999e-05	TRUE	0	TRUE	TRUE
43	AGCTACACAGTCGGAA	5024	-8859.41555041912	9.99900009999e-05	TRUE	0	TRUE	TRUE
44	AGGACGAAGATTAGTG	6158	-10548.6481857773	9.99900009999e-05	TRUE	0	TRUE	TRUE
45	AGGACGATCCAGTACA	5386	-11258.6313947746	9.99900009999e-05	TRUE	0	TRUE	TRUE
46	AGGAGGTAGGTCACAG	822	-1010.34268857457	0.0055994400559944	FALSE	0.00605613197545494	TRUE	FALSE
47	AGGGTTTCAGCGTGCT	9396	-18856.7063979911	9.99900009999e-05	TRUE	0	TRUE	TRUE
48	AGGTAGGAGGAAGTAG	6387	-11814.0277800059	9.99900009999e-05	TRUE	0	TRUE	TRUE
49	AGGTGTTCATTAAGCC	7643	-16093.3883966769	9.99900009999e-05	TRUE	0	TRUE	TRUE
50	AGGTTACGTCTGATAC	8851	-17226.1557020868	9.99900009999e-05	TRUE	0	TRUE	TRUE
51	AGTAACCCAAGCTCTA	3750	-8935.66476082791	9.99900009999e-05	TRUE	0.00010930806560921	TRUE	TRUE
52	AGTAGCTAGGAGTACC	5362	-9361.97333641953	9.99900009999e-05	TRUE	0	TRUE	TRUE
53	AGTCAACGTACACGCC	8575	-17628.4583645476	9.99900009999e-05	TRUE	0	TRUE	TRUE
54	AGTGTTGGTCAAGCGA	358	-207.941429631046	1	FALSE	1	FALSE	FALSE
55	AGTTCCCCAAACAGGC	4335	-11220.6858629172	9.99900009999e-05	TRUE	0.00010930806560921	TRUE	TRUE
56	AGTTCGAGTATGCGTT	3106	-6865.36473847629	9.99900009999e-05	TRUE	0.00010930806560921	TRUE	TRUE
57	ATACTTCGTACGACTT	10751	-19946.3027214736	9.99900009999e-05	TRUE	0	TRUE	TRUE
58	ATACTTCTCGCCGTGA	3573	-7500.04526702113	9.99900009999e-05	TRUE	0.00010930806560921	TRUE	TRUE
59	ATAGGCTGTGTTACAC	4892	-10634.1967524785	9.99900009999e-05	TRUE	0	TRUE	TRUE
60	ATCACTTGTGGCTGCT	13027	-22604.1549240964	9.99900009999e-05	TRUE	0	TRUE	TRUE
61	ATCCACCCATGTCTAG	4107	-10111.3693943443	9.99900009999e-05	TRUE	0.00010930806560921	TRUE	TRUE
62	ATCCACCGTTTGTTGG	11504	-20266.5497859975	9.99900009999e-05	TRUE	0	TRUE	TRUE
63	ATCGTAGCATCGGAGA	2736	-6575.82019966414	9.99900009999e-05	TRUE	0.00010930806560921	TRUE	TRUE
64	ATGAGTCTCCAGTTCC	4861	-11016.7546428077	9.99900009999e-05	TRUE	0	TRUE	TRUE
65	ATGCGATGTTGTAGCT	3126	-7164.99873328296	9.99900009999e-05	TRUE	0.00010930806560921	TRUE	TRUE
66	ATGGAGGGTGTTTACG	1443	-3109.24560232977	9.99900009999e-05	TRUE	0.00010930806560921	TRUE	TRUE
67	ATGGGAGAGACGTCCC	6034	-10575.0481576788	9.99900009999e-05	TRUE	0	TRUE	TRUE
68	ATGTCCCCATAGGTTC	5911	-10322.3606117065	9.99900009999e-05	TRUE	0	TRUE	TRUE
69	ATTACTCGTTGCAACT	6444	-10875.2867572777	9.99900009999e-05	TRUE	0	TRUE	TRUE
70	ATTCACTTCTCCGCAT	3705	-9875.03873390873	9.99900009999e-05	TRUE	0.00010930806560921	TRUE	TRUE
71	ATTCGTTGTAACACCT	7007	-10489.3319077371	9.99900009999e-05	TRUE	0	TRUE	TRUE
72	ATTCGTTGTGTTCAGT	5253	-8437.27125030245	9.99900009999e-05	TRUE	0	TRUE	TRUE
73	ATTTCTGGTATCCTCC	5574	-11815.2467444775	9.99900009999e-05	TRUE	0	TRUE	TRUE
74	CAACCTCGTATCGGTT	4968	-9567.20323952339	9.99900009999e-05	TRUE	0	TRUE	TRUE
75	CAACGATCAAAGCACG	5385	-10623.2749247134	9.99900009999e-05	TRUE	0	TRUE	TRUE
76	CAATACGAGGCAGCTA	1396	-4622.26961941266	9.99900009999e-05	TRUE	0.00010930806560921	TRUE	TRUE
77	CAATCGATCCGTACGG	5772	-10601.2475709009	9.99900009999e-05	TRUE	0	TRUE	TRUE
78	CAATGACAGATGTTAG	475	-1483.54313697194	9.99900009999e-05	TRUE	0.00010930806560921	TRUE	TRUE
79	CACGAATTCAAGTCGT	6327	-11047.8156761739	9.99900009999e-05	TRUE	0	TRUE	TRUE
80	CACTAAGGTGATAGTA	5370	-10378.7008643366	9.99900009999e-05	TRUE	0	TRUE	TRUE
81	CACTGAAGTCTTTCTA	4937	-9728.24899399439	9.99900009999e-05	TRUE	0	TRUE	TRUE
82	CACTGGGAGTTACTCG	5416	-11049.5203662732	9.99900009999e-05	TRUE	0	TRUE	TRUE
83	CAGATTGAGCTGAGCA	5243	-8936.20883854462	9.99900009999e-05	TRUE	0	TRUE	TRUE
84	CAGATTGGTGACTAAA	6584	-10824.4107704036	9.99900009999e-05	TRUE	0	TRUE	TRUE
85	CAGGCCATCCACTAGA	5884	-12975.8655090457	9.99900009999e-05	TRUE	0	TRUE	TRUE
86	CATAAGCTCCGTGTGG	7950	-16345.4070233003	9.99900009999e-05	TRUE	0	TRUE	TRUE
87	CATACTTTCAACGAGG	4886	-10277.6207453357	9.99900009999e-05	TRUE	0	TRUE	TRUE
88	CATCAAGAGCGCCGTT	1883	-5002.62185232952	9.99900009999e-05	TRUE	0.00010930806560921	TRUE	TRUE
89	CATCCGTGTATCGCTA	5391	-9155.92014860412	9.99900009999e-05	TRUE	0	TRUE	TRUE
90	CATGCCTGTTCCGCAG	9495	-18526.1295991011	9.99900009999e-05	TRUE	0	TRUE	TRUE
91	CATGCTCGTCTCTCAC	1657	-3980.21508493096	9.99900009999e-05	TRUE	0.00010930806560921	TRUE	TRUE
92	CCAAGCGAGGTTCATC	5752	-11513.9141413303	9.99900009999e-05	TRUE	0	TRUE	TRUE
93	CCAATTTGTATGACAA	304	-176.908180728681	1	FALSE	1	FALSE	FALSE
94	CCACACTCAGGACTTT	11804	-19924.1042125546	9.99900009999e-05	TRUE	0	TRUE	TRUE
95	CCACGAGTCTTCCTAA	9271	-17705.8469505717	9.99900009999e-05	TRUE	0	TRUE	TRUE
96	CCACTTGCACTGAGTT	207	-179.348510089331	1	FALSE	1	FALSE	FALSE
97	CCATCACTCTAACACG	6235	-12509.5052692406	9.99900009999e-05	TRUE	0	TRUE	TRUE
98	CCATCACTCTTTCTAG	334	-209.52224150587	1	FALSE	1	FALSE	FALSE
99	CCCTAACAGGATTCAA	208	-426.79548234187	0.867313268673133	FALSE	0.931445587835583	FALSE	FALSE
100	CCCTAACCAGGTTCGC	7235	-12665.1220442569	9.99900009999e-05	TRUE	0	TRUE	TRUE
101	CCCTAACGTAACTGCT	11434	-19480.4595337194	9.99900009999e-05	TRUE	0	TRUE	TRUE
102	CCCTTAGGTTTCCAAG	4405	-9830.33708251233	9.99900009999e-05	TRUE	0.00010930806560921	TRUE	TRUE
103	CCGAACGAGCTAAGTA	3181	-5898.13656243726	9.99900009999e-05	TRUE	0.00010930806560921	TRUE	TRUE
104	CCGAACGAGGAACGCT	13180	-22268.5967791698	9.99900009999e-05	TRUE	0	TRUE	TRUE
105	CCGATGGTCACCTCTG	3251	-6706.41927415829	9.99900009999e-05	TRUE	0.00010930806560921	TRUE	TRUE
106	CCGCAAGGTACCAGAG	4309	-8239.70826493706	9.99900009999e-05	TRUE	0.00010930806560921	TRUE	TRUE
107	CCGGGTACACTCCGAG	10940	-19992.6100450229	9.99900009999e-05	TRUE	0	TRUE	TRUE
108	CCGTGAGAGAGGTCAC	5913	-13473.5316333392	9.99900009999e-05	TRUE	0	TRUE	TRUE
109	CCGTTCACAGAAGCTG	2121	-5518.84484321128	9.99900009999e-05	TRUE	0.00010930806560921	TRUE	TRUE
110	CCTAAGAAGACTCTAC	11879	-20274.2009786611	9.99900009999e-05	TRUE	0	TRUE	TRUE
111	CCTATCGAGACAGCGT	9499	-17780.5617731873	9.99900009999e-05	TRUE	0	TRUE	TRUE
112	CCTCATGGTTTCGCTC	7095	-12137.8399940451	9.99900009999e-05	TRUE	0	TRUE	TRUE
113	CCTCATGTCTCTCAAT	7848	-14439.0996823152	9.99900009999e-05	TRUE	0	TRUE	TRUE
114	CCTGTTGGTGTGCCTG	9414	-17281.4266979391	9.99900009999e-05	TRUE	0	TRUE	TRUE
115	CGAGGAAAGTCGCGAA	4764	-6794.73709200457	9.99900009999e-05	TRUE	0.00010930806560921	TRUE	TRUE
116	CGGAACCGTTTGCAGT	5769	-10303.7497631964	9.99900009999e-05	TRUE	0	TRUE	TRUE
117	CGGACACAGGACAGCT	7937	-15182.133967597	9.99900009999e-05	TRUE	0	TRUE	TRUE
118	CGTGAATAGTCGGCCT	5772	-10211.2064663329	9.99900009999e-05	TRUE	0	TRUE	TRUE
119	CGTGTCTGTCAGTTTG	5000	-11240.9983466406	9.99900009999e-05	TRUE	0	TRUE	TRUE
120	CGTTAGATCATTATCC	14007	-23910.4271096686	9.99900009999e-05	TRUE	0	TRUE	TRUE
121	CTAACCCCACTTCAAG	5276	-11534.312859524	9.99900009999e-05	TRUE	0	TRUE	TRUE
122	CTAAGTGGTCCACTCT	4984	-10165.4421071215	9.99900009999e-05	TRUE	0	TRUE	TRUE
123	CTACAGACAGGAATAT	1601	-3589.62525192709	9.99900009999e-05	TRUE	0.00010930806560921	TRUE	TRUE
124	CTATCCGAGCTGTTAC	5678	-9646.54344957587	9.99900009999e-05	TRUE	0	TRUE	TRUE
125	CTCAACCGTGGATGAC	7190	-13166.6881654923	9.99900009999e-05	TRUE	0	TRUE	TRUE
126	CTCATTAAGGAAGTGA	5978	-12244.4527677697	9.99900009999e-05	TRUE	0	TRUE	TRUE
127	CTCCAACGTAGTGTGG	5921	-10630.296762677	9.99900009999e-05	TRUE	0	TRUE	TRUE
128	CTCCCAATCAATCAGC	4836	-12522.9600923552	9.99900009999e-05	TRUE	0.00010930806560921	TRUE	TRUE
129	CTCCCTCGTTTACGAC	3187	-8081.55237629263	9.99900009999e-05	TRUE	0.00010930806560921	TRUE	TRUE
130	CTCCCTCTCATCGCTC	3129	-8365.72982563526	9.99900009999e-05	TRUE	0.00010930806560921	TRUE	TRUE
131	CTCCTCCTCACCTCTG	6315	-10129.4802916034	9.99900009999e-05	TRUE	0	TRUE	TRUE
132	CTCCTTTTCTACACTT	6106	-10259.5927857528	9.99900009999e-05	TRUE	0	TRUE	TRUE
133	CTGATCCGTCGCGTCA	3094	-6415.05282677367	9.99900009999e-05	TRUE	0.00010930806560921	TRUE	TRUE
134	CTGCCATTCAGTGTTG	7077	-12469.7614565081	9.99900009999e-05	TRUE	0	TRUE	TRUE
135	CTGCGAGAGTGCACTT	8675	-16167.2556929813	9.99900009999e-05	TRUE	0	TRUE	TRUE
136	CTGCGAGCAGATTCGT	6174	-10475.5421381676	9.99900009999e-05	TRUE	0	TRUE	TRUE
137	CTGCGAGGTAGGTTTC	3008	-6660.74719393577	9.99900009999e-05	TRUE	0.00010930806560921	TRUE	TRUE
138	CTGGACGCACACGGTC	6669	-13793.9745968986	9.99900009999e-05	TRUE	0	TRUE	TRUE
139	CTGGCAGGTTGCAAGG	1332	-3666.34608953435	9.99900009999e-05	TRUE	0.00010930806560921	TRUE	TRUE
140	CTGTCGTAGCTGGCCT	5300	-7988.85838908294	9.99900009999e-05	TRUE	0	TRUE	TRUE
141	CTGTGGGGTCGTGATT	9387	-14119.2226453337	9.99900009999e-05	TRUE	0	TRUE	TRUE
142	CTTACCGCATGTGGTT	637	-247.427419983019	1	FALSE	1	FALSE	FALSE
143	CTTCGGTTCCAAGAGG	3550	-7276.45154222491	9.99900009999e-05	TRUE	0.00010930806560921	TRUE	TRUE
144	CTTGAGATCCCGAGGT	566	-450.022179604728	1	FALSE	1	FALSE	FALSE
145	CTTTCGGGTTCGGTTA	214	-585.635367190293	0.0007999200079992	FALSE	0.000868240578077424	TRUE	FALSE
146	GAAGGGTTCGCAGATT	2104	-4398.32734947498	9.99900009999e-05	TRUE	0.00010930806560921	TRUE	TRUE
147	GACACGCCAGTCCGTG	3936	-7729.7291552278	9.99900009999e-05	TRUE	0.00010930806560921	TRUE	TRUE
148	GACATCAGTAACGATA	573	-1977.22147520371	9.99900009999e-05	TRUE	0.00010930806560921	TRUE	TRUE
149	GACCCTTCAGCGTATT	9565	-18673.1982147908	9.99900009999e-05	TRUE	0	TRUE	TRUE
150	GACCTTCGTCGAGCTC	4067	-7384.28937756678	9.99900009999e-05	TRUE	0.00010930806560921	TRUE	TRUE
151	GACTATGTCCAAGGGA	6679	-11650.599838554	9.99900009999e-05	TRUE	0	TRUE	TRUE
152	GAGACTTAGTCACTCA	5158	-13863.4891941114	9.99900009999e-05	TRUE	0	TRUE	TRUE
153	GAGACTTCAGGCTATT	8452	-16743.0962629883	9.99900009999e-05	TRUE	0	TRUE	TRUE
154	GAGGCAAAGTCACGAG	3687	-7185.44172861589	9.99900009999e-05	TRUE	0.00010930806560921	TRUE	TRUE
155	GAGGGTAGTCAACACT	5707	-9423.53307904383	9.99900009999e-05	TRUE	0	TRUE	TRUE
156	GAGTCATAGGGTTGCA	2933	-6035.51007899307	9.99900009999e-05	TRUE	0.00010930806560921	TRUE	TRUE
157	GAGTTACAGACGACGT	6079	-10913.315281698	9.99900009999e-05	TRUE	0	TRUE	TRUE
158	GATCACACACCCTGTT	52120	-48571.4078794942	9.99900009999e-05	TRUE	0	TRUE	TRUE
159	GATGACTTCGTGGCGT	4988	-10369.5426941563	9.99900009999e-05	TRUE	0	TRUE	TRUE
160	GATGACTTCTCTAGGA	3195	-6568.56354577882	9.99900009999e-05	TRUE	0.00010930806560921	TRUE	TRUE
161	GATGCTAGTACAGGTG	4119	-7671.3357599255	9.99900009999e-05	TRUE	0.00010930806560921	TRUE	TRUE
162	GATGCTATCCTACGAA	1628	-4078.76752909445	9.99900009999e-05	TRUE	0.00010930806560921	TRUE	TRUE
163	GATTCGAGTCGCACGT	552	-672.831283067908	0.931106889311069	FALSE	0.996447723648688	FALSE	FALSE
164	GATTTCTTCCTTCAGC	3574	-8461.731160497	9.99900009999e-05	TRUE	0.00010930806560921	TRUE	TRUE
165	GCAACCGTCATTTCCA	4134	-11159.5349181512	9.99900009999e-05	TRUE	0.00010930806560921	TRUE	TRUE
166	GCACGTGTCAGACATC	3644	-9923.56889448193	9.99900009999e-05	TRUE	0.00010930806560921	TRUE	TRUE
167	GCAGCCAAGAGGTCAC	4909	-8969.68988368477	9.99900009999e-05	TRUE	0	TRUE	TRUE
168	GCAGCCACATACATCG	4086	-8231.62153820808	9.99900009999e-05	TRUE	0.00010930806560921	TRUE	TRUE
169	GCAGCTGGTAAGTTAG	11115	-19921.3602723646	9.99900009999e-05	TRUE	0	TRUE	TRUE
170	GCCGATGAGGCGAAGG	1541	-370.994486124191	1	FALSE	1	FALSE	FALSE
171	GCCGTGACAACGACTT	4632	-10396.4061249275	9.99900009999e-05	TRUE	0.00010930806560921	TRUE	TRUE
172	GCCGTGACATGCCGGT	5583	-9762.59749483136	9.99900009999e-05	TRUE	0	TRUE	TRUE
173	GCGAGAAAGTTGTAGA	7749	-14625.0290670812	9.99900009999e-05	TRUE	0	TRUE	TRUE
174	GCGGAAAGTGTGTCCG	4346	-8986.51266968846	9.99900009999e-05	TRUE	0.00010930806560921	TRUE	TRUE
175	GCGGATCAGCAACTTC	4468	-9917.63463197632	9.99900009999e-05	TRUE	0.00010930806560921	TRUE	TRUE
176	GCGTGCACAGAGGAAA	543	-1722.92335455474	9.99900009999e-05	TRUE	0.00010930806560921	TRUE	TRUE
177	GCTACCTCACGCACCA	8801	-18463.3108048247	9.99900009999e-05	TRUE	0	TRUE	TRUE
178	GCTGAATCACACGGAA	5217	-8571.93023011254	9.99900009999e-05	TRUE	0	TRUE	TRUE
179	GCTGCAGGTGCTGATT	5920	-9836.5691302967	9.99900009999e-05	TRUE	0	TRUE	TRUE
180	GCTTCACCAACACGAG	18884	-28228.528207016	9.99900009999e-05	TRUE	0	TRUE	TRUE
181	GCTTTCGTCTGGGTCG	12599	-22206.2741035383	9.99900009999e-05	TRUE	0	TRUE	TRUE
182	GGAACCCTCTAATTCC	3869	-8442.60554984036	9.99900009999e-05	TRUE	0.00010930806560921	TRUE	TRUE
183	GGAAGTGCAACCCTCT	3791	-8293.93860707852	9.99900009999e-05	TRUE	0.00010930806560921	TRUE	TRUE
184	GGATCTAGTGCCTGCA	651	-2288.91947406901	9.99900009999e-05	TRUE	0.00010930806560921	TRUE	TRUE
185	GGATCTATCACCTACC	4705	-8967.03332759701	9.99900009999e-05	TRUE	0.00010930806560921	TRUE	TRUE
186	GGATGTTAGCCGGATA	4393	-9169.88799973884	9.99900009999e-05	TRUE	0.00010930806560921	TRUE	TRUE
187	GGCGTCACATTGTGCA	3092	-8082.45273012706	9.99900009999e-05	TRUE	0.00010930806560921	TRUE	TRUE
188	GGCTGTGCACGGTGAA	4469	-8973.28618570237	9.99900009999e-05	TRUE	0.00010930806560921	TRUE	TRUE
189	GGGAGATCATGCAGGA	646	-1984.7313486968	9.99900009999e-05	TRUE	0.00010930806560921	TRUE	TRUE
190	GGGAGTATCTTAGCCC	5187	-10740.7582268025	9.99900009999e-05	TRUE	0	TRUE	TRUE
191	GGGATCCAGGGCAATC	3186	-7799.63439729569	9.99900009999e-05	TRUE	0.00010930806560921	TRUE	TRUE
192	GGGATGAAGGGAGGGT	5157	-7885.90856343295	9.99900009999e-05	TRUE	0	TRUE	TRUE
193	GGGTAGAAGTAGGGTC	4103	-6388.29556291522	9.99900009999e-05	TRUE	0.00010930806560921	TRUE	TRUE
194	GGGTGAACATAAGCAA	5833	-10275.7040503397	9.99900009999e-05	TRUE	0	TRUE	TRUE
195	GGGTTTACACTAAACC	5099	-8678.00625746474	9.99900009999e-05	TRUE	0	TRUE	TRUE
196	GGTAATCCAAAGGAGA	3668	-8116.28486452743	9.99900009999e-05	TRUE	0.00010930806560921	TRUE	TRUE
197	GGTAATCCATACCACA	4965	-10155.5592294553	9.99900009999e-05	TRUE	0	TRUE	TRUE
198	GGTGATTCAGCTCGGT	8026	-16077.7886789096	9.99900009999e-05	TRUE	0	TRUE	TRUE
199	GTAATCGCAGTTTCGA	6710	-11592.9696107222	9.99900009999e-05	TRUE	0	TRUE	TRUE
200	GTAATGCGTAGGAGGG	280	-211.103892127061	1	FALSE	1	FALSE	FALSE
201	GTAGAAACATGGACAG	5359	-11271.6854056776	9.99900009999e-05	TRUE	0	TRUE	TRUE
202	GTAGATCCATCCCGTT	7480	-11049.4153142905	9.99900009999e-05	TRUE	0	TRUE	TRUE
203	GTAGATCTCCCGAAAT	1139	-3171.39259214096	9.99900009999e-05	TRUE	0.00010930806560921	TRUE	TRUE
204	GTAGGAGTCCGTCACT	2195	-6785.31305444746	9.99900009999e-05	TRUE	0.00010930806560921	TRUE	TRUE
205	GTATTTCAGAAGAGCA	4999	-7853.5882213968	9.99900009999e-05	TRUE	0	TRUE	TRUE
206	GTCACGGCACCGTACG	6339	-10971.3324353305	9.99900009999e-05	TRUE	0	TRUE	TRUE
207	GTCACTCAGCGCGTTC	394	-1081.94885571454	9.99900009999e-05	TRUE	0.00010930806560921	TRUE	TRUE
208	GTCACTCTCTTGAACG	4891	-8598.58247417706	9.99900009999e-05	TRUE	0	TRUE	TRUE
209	GTCATGAAGACTCATC	610	-793.756567671677	0.318668133186681	FALSE	0.343440920925575	FALSE	FALSE
210	GTCATGAAGTTTGGCT	7820	-15249.1291555096	9.99900009999e-05	TRUE	0	TRUE	TRUE
211	GTCATTTCAAGAGAGA	3295	-5351.31363044231	9.99900009999e-05	TRUE	0.00010930806560921	TRUE	TRUE
212	GTCGAATCAGAACCGA	3774	-8519.88020165975	9.99900009999e-05	TRUE	0.00010930806560921	TRUE	TRUE
213	GTCGCGAGTTTACCTT	4022	-10272.2980562462	9.99900009999e-05	TRUE	0.00010930806560921	TRUE	TRUE
214	GTGAGCCGTGATCGTT	2222	-5929.92123108682	9.99900009999e-05	TRUE	0.00010930806560921	TRUE	TRUE
215	GTGAGGACACAACATC	5277	-10647.4095188392	9.99900009999e-05	TRUE	0	TRUE	TRUE
216	GTGCGTGAGCTTCTAG	10936	-19948.9608929622	9.99900009999e-05	TRUE	0	TRUE	TRUE
217	GTGGCGTAGAATAACC	3905	-8714.11631338798	9.99900009999e-05	TRUE	0.00010930806560921	TRUE	TRUE
218	GTGGCGTCAATCGAAA	3878	-7484.29663293108	9.99900009999e-05	TRUE	0.00010930806560921	TRUE	TRUE
219	GTGGGAACATGAGTAA	4922	-9169.75234217908	9.99900009999e-05	TRUE	0	TRUE	TRUE
220	GTGTCCTAGTCGGCCT	3167	-8490.15774704296	9.99900009999e-05	TRUE	0.00010930806560921	TRUE	TRUE
221	GTGTGGCGTAAGTTGA	1085	-1183.56758448565	0.0001999800019998	FALSE	0.000217835359321211	TRUE	FALSE
222	GTGTTAGAGACGGTCA	649	-2196.69086773055	9.99900009999e-05	TRUE	0.00010930806560921	TRUE	TRUE
223	GTTACAGAGTGTAGTA	4189	-6353.92920265722	9.99900009999e-05	TRUE	0.00010930806560921	TRUE	TRUE
224	GTTACGAGTATGAGAT	9439	-16299.1229943767	9.99900009999e-05	TRUE	0	TRUE	TRUE
225	GTTCCGTAGTTGCCCG	5567	-11759.3215429815	9.99900009999e-05	TRUE	0	TRUE	TRUE
226	GTTGAACGTACCCGCA	11528	-21116.455599714	9.99900009999e-05	TRUE	0	TRUE	TRUE
227	GTTGCTCTCATTTCCA	4936	-10200.6570457944	9.99900009999e-05	TRUE	0	TRUE	TRUE
228	GTTGTAGCAGTTCTAG	4756	-8709.04960805082	9.99900009999e-05	TRUE	0.00010930806560921	TRUE	TRUE
229	TAACGACCACATATGC	5556	-9147.5217044672	9.99900009999e-05	TRUE	0	TRUE	TRUE
230	TAACTTCGTTGTGGAG	3632	-9110.59284640714	9.99900009999e-05	TRUE	0.00010930806560921	TRUE	TRUE
231	TAAGCACAGAAGCTGC	5282	-9669.40537209949	9.99900009999e-05	TRUE	0	TRUE	TRUE
232	TAAGCCAGTCCAACGC	983	-2717.34305500103	9.99900009999e-05	TRUE	0.00010930806560921	TRUE	TRUE
233	TAATTCCGTCAGTCCG	6146	-11157.3167682441	9.99900009999e-05	TRUE	0	TRUE	TRUE
234	TACAACGAGGCCTGAA	398	-871.422140922013	9.99900009999e-05	TRUE	0.00010930806560921	TRUE	TRUE
235	TACCTGCAGTCACGCC	1375	-403.254993201633	1	FALSE	1	FALSE	FALSE
236	TACGCTCGTCAATCTG	700	-251.094665627655	1	FALSE	1	FALSE	FALSE
237	TACGGGCTCAACGAGG	5668	-9639.99340278821	9.99900009999e-05	TRUE	0	TRUE	TRUE
238	TACGTCCCATGTGTCA	3183	-7453.09207595918	9.99900009999e-05	TRUE	0.00010930806560921	TRUE	TRUE
239	TAGACTGAGATTGTGA	5219	-9888.38255845455	9.99900009999e-05	TRUE	0	TRUE	TRUE
240	TAGACTGTCGCCGAGT	10015	-18553.038681704	9.99900009999e-05	TRUE	0	TRUE	TRUE
241	TAGGAGGCAAGACCTT	2600	-5861.01665510603	9.99900009999e-05	TRUE	0.00010930806560921	TRUE	TRUE
242	TAGGAGGGTTCCAGGC	4974	-10386.8282810792	9.99900009999e-05	TRUE	0	TRUE	TRUE
243	TAGGGTTAGGAACATT	4290	-9240.27968178158	9.99900009999e-05	TRUE	0.00010930806560921	TRUE	TRUE
244	TAGGTACTCGAAGCAG	3966	-10497.1632687558	9.99900009999e-05	TRUE	0.00010930806560921	TRUE	TRUE
245	TCAAGCATCCACTTTA	6798	-12129.8154817363	9.99900009999e-05	TRUE	0	TRUE	TRUE
246	TCAATCTAGAGGTTTA	4996	-9465.25708473297	9.99900009999e-05	TRUE	0	TRUE	TRUE
247	TCAATCTGTTTCCCAC	4188	-8419.98055726162	9.99900009999e-05	TRUE	0.00010930806560921	TRUE	TRUE
248	TCACATTCAGAACTAA	10058	-17720.6652199426	9.99900009999e-05	TRUE	0	TRUE	TRUE
249	TCACTCGCAAAGCAAT	10665	-19194.1386983155	9.99900009999e-05	TRUE	0	TRUE	TRUE
250	TCAGTCCGTCTCTCAC	7387	-13990.0153697523	9.99900009999e-05	TRUE	0	TRUE	TRUE
251	TCAGTTTAGGATATAC	9073	-16729.3012373008	9.99900009999e-05	TRUE	0	TRUE	TRUE
252	TCATACTTCAGAGCAG	4653	-8576.72113205015	9.99900009999e-05	TRUE	0.00010930806560921	TRUE	TRUE
253	TCATATCCATGCTGCG	8976	-18544.9991266485	9.99900009999e-05	TRUE	0	TRUE	TRUE
254	TCATGAGCAAGGCAAC	461	-246.850683319942	1	FALSE	1	FALSE	FALSE
255	TCATGCCGTGTCTTAG	5422	-8744.07861267285	9.99900009999e-05	TRUE	0	TRUE	TRUE
256	TCCCATGTCGGCCCAA	2779	-5030.9757653409	9.99900009999e-05	TRUE	0.00010930806560921	TRUE	TRUE
257	TCCGATCTCAAACCTG	5806	-11128.1762437365	9.99900009999e-05	TRUE	0	TRUE	TRUE
258	TCGCTTGAGAGACAAG	4747	-9270.88137046196	9.99900009999e-05	TRUE	0.00010930806560921	TRUE	TRUE
259	TCGGGCATCTGAACGT	7960	-16046.8453911896	9.99900009999e-05	TRUE	0	TRUE	TRUE
260	TCGGGTGCAGTCTGGC	2566	-6151.01722967956	9.99900009999e-05	TRUE	0.00010930806560921	TRUE	TRUE
261	TCGTAGACAATGAAAC	7715	-14253.9341405667	9.99900009999e-05	TRUE	0	TRUE	TRUE
262	TCTATACGTTATCCAG	9727	-16637.3012313401	9.99900009999e-05	TRUE	0	TRUE	TRUE
263	TCTGTCGAGACTAGAT	5686	-12093.2793128273	9.99900009999e-05	TRUE	0	TRUE	TRUE
264	TCTTAGTCAACACGAG	9979	-18864.898815134	9.99900009999e-05	TRUE	0	TRUE	TRUE
265	TCTTGCGAGATGAAGG	3559	-7781.61923891513	9.99900009999e-05	TRUE	0.00010930806560921	TRUE	TRUE
266	TCTTGCGCACTACTTT	3564	-8628.91365732033	9.99900009999e-05	TRUE	0.00010930806560921	TRUE	TRUE
267	TCTTTGAGTGGAGAAA	3704	-7383.80200282838	9.99900009999e-05	TRUE	0.00010930806560921	TRUE	TRUE
268	TGAACGTGTCCATAGT	1261	-3114.81263618375	9.99900009999e-05	TRUE	0.00010930806560921	TRUE	TRUE
269	TGACCCTTCTCATTGT	6808	-14914.5843580148	9.99900009999e-05	TRUE	0	TRUE	TRUE
270	TGAGGAGTCCATCGTC	8937	-15648.3052833091	9.99900009999e-05	TRUE	0	TRUE	TRUE
271	TGAGGGATCATAAGGA	2061	-3385.6612191009	9.99900009999e-05	TRUE	0.00010930806560921	TRUE	TRUE
272	TGAGTCAGTAACCCTA	3640	-9624.91981453049	9.99900009999e-05	TRUE	0.00010930806560921	TRUE	TRUE
273	TGATCAGAGGATTCAA	15860	-25726.0839706062	9.99900009999e-05	TRUE	0	TRUE	TRUE
274	TGCAGTAAGTAGTCCT	4629	-9231.19227658427	9.99900009999e-05	TRUE	0.00010930806560921	TRUE	TRUE
275	TGCTCCACAATCTAGC	5430	-11033.3835181001	9.99900009999e-05	TRUE	0	TRUE	TRUE
276	TGCTTGCGTGAACTAA	4628	-8161.76367842558	9.99900009999e-05	TRUE	0.00010930806560921	TRUE	TRUE
277	TGGAGGATCGACATTG	1333	-2666.71842415814	9.99900009999e-05	TRUE	0.00010930806560921	TRUE	TRUE
278	TGGGATTGTACGATGG	11216	-20267.2657463767	9.99900009999e-05	TRUE	0	TRUE	TRUE
279	TGGGCGTCAAATTGCC	1207	-1960.90442923868	9.99900009999e-05	TRUE	0.00010930806560921	TRUE	TRUE
280	TGGGCTGAGAGGGTCT	4607	-7931.23752264333	9.99900009999e-05	TRUE	0.00010930806560921	TRUE	TRUE
281	TGGGCTGAGCGTTAGG	14863	-22464.3438112142	9.99900009999e-05	TRUE	0	TRUE	TRUE
282	TGGGCTGGTCGCGGTT	4827	-10942.3202857293	9.99900009999e-05	TRUE	0.00010930806560921	TRUE	TRUE
283	TGTAACGGTTGCGTAT	484	-1234.55450835833	9.99900009999e-05	TRUE	0.00010930806560921	TRUE	TRUE
284	TGTACAGGTGGATTTC	6641	-10713.2581555748	9.99900009999e-05	TRUE	0	TRUE	TRUE
285	TGTCCCAGTCAGGCAA	5257	-10997.0932504663	9.99900009999e-05	TRUE	0	TRUE	TRUE
286	TGTCCTGGTTGGCTAT	4449	-7927.7430528224	9.99900009999e-05	TRUE	0.00010930806560921	TRUE	TRUE
287	TGTGATGAGCGACTGA	3775	-7366.90540832809	9.99900009999e-05	TRUE	0.00010930806560921	TRUE	TRUE
288	TGTGTGATCTGACAGT	4730	-7692.66502251999	9.99900009999e-05	TRUE	0.00010930806560921	TRUE	TRUE
289	TGTTCATAGCTGCCTG	23758	-29916.5832761733	9.99900009999e-05	TRUE	0	TRUE	TRUE
290	TTAATCCCACTGATTG	318	-189.824899083109	1	FALSE	1	FALSE	FALSE
291	TTCACGCGTGGGTCAA	385	-211.688209857364	1	FALSE	1	FALSE	FALSE
292	TTCATGTTCTCTGGTC	327	-231.567369488548	1	FALSE	1	FALSE	FALSE
293	TTCCGTGCACTCACTC	5343	-9132.24569560813	9.99900009999e-05	TRUE	0	TRUE	TRUE
294	TTCCTTCAGCCTCAAT	518	-212.871539827498	1	FALSE	1	FALSE	FALSE
295	TTCCTTCGTGACACGA	6513	-13672.2943362302	9.99900009999e-05	TRUE	0	TRUE	TRUE
296	TTCGCTGAGGTTCCGC	1958	-5694.63864719915	9.99900009999e-05	TRUE	0.00010930806560921	TRUE	TRUE
297	TTCTTCCTCCCTCTCC	260	-195.06495148672	1	FALSE	1	FALSE	FALSE
298	TTGACCCTCGTAGTGT	4934	-9530.58830687107	9.99900009999e-05	TRUE	0	TRUE	TRUE
299	TTGCATTGTGCCTTCT	7067	-14990.0508347671	9.99900009999e-05	TRUE	0	TRUE	TRUE
300	TTGCCTGAGAGTGACC	9023	-17188.6842274899	9.99900009999e-05	TRUE	0	TRUE	TRUE
301	TTGGGATTCAGGAAGC	9647	-18184.4947083874	9.99900009999e-05	TRUE	0	TRUE	TRUE
302	TTGTTTGAGGTCGACA	4221	-6850.27613513946	9.99900009999e-05	TRUE	0.00010930806560921	TRUE	TRUE
303	TTTATGCGTAACATAG	7892	-12533.1707359486	9.99900009999e-05	TRUE	0	TRUE	TRUE
304	TTTATGCGTTGATCGT	7267	-12079.9638872225	9.99900009999e-05	TRUE	0	TRUE	TRUE
305	TTTCCTCTCTCTTGCG	11305	-19930.4529675415	9.99900009999e-05	TRUE	0	TRUE	TRUE
